automaton,device,traverser,evaluator,layout,reference_impl,x_size,y_size,steps,rounds,warmup_rounds,x_tile_size,y_tile_size,cuda_block_size_x,cuda_block_size_y,seed,precision,average_time_ms,average_time_per_cell_ns,std_time_ms,rounds_had_same_checksums,checksum
game-of-life,CUDA,,,,baseline,14336,14336,100,3,1,0,0,32,4,42,0,111.911914,0.544528,0.008120,true,1169756-1166577-1170624-1177938-1161345-1165202-1176561-1166968-1165895-1170296-1172613-1169061-1168648-1171748-1163497-1167965
game-of-life,CUDA,simple,standard,standard,,14336,14336,100,3,1,0,0,32,4,42,32,110.799960,0.539118,0.013348,true,1169756-1166577-1170624-1177938-1161345-1165202-1176561-1166968-1165895-1170296-1172613-1169061-1168648-1171748-1163497-1167965
game-of-life,CUDA,simple,bit_planes,bit_planes,,14336,14336,100,3,1,0,0,32,4,42,64,3.648962,0.017755,0.004087,true,1169756-1166577-1170624-1177938-1161345-1165202-1176561-1166968-1165895-1170296-1172613-1169061-1168648-1171748-1163497-1167965
forest-fire,CUDA,,,,baseline,14336,14336,100,3,1,0,0,32,4,42,0,109.698165,0.533757,0.006503,true,20711-20889-20703-20948-20908-20871-20653-20977-21104-20647-20907-20936-20653-20710-21166-20522
forest-fire,CUDA,simple,standard,standard,,14336,14336,100,3,1,0,0,32,4,42,32,108.902075,0.529883,0.016039,true,20711-20889-20703-20948-20908-20871-20653-20977-21104-20647-20907-20936-20653-20710-21166-20522
forest-fire,CUDA,simple,bit_planes,bit_planes,,14336,14336,100,3,1,0,0,32,4,42,64,6.822314,0.033195,0.016065,true,20711-20889-20703-20948-20908-20871-20653-20977-21104-20647-20907-20936-20653-20710-21166-20522
wire,CUDA,,,,baseline,14336,14336,100,3,1,0,0,32,4,42,0,110.328251,0.536823,0.010656,true,216-0-34-90-11871571-16644527-16643091-11879183-11875747-16642635-16641481-11879036-51-75-51-51
wire,CUDA,simple,standard,standard,,14336,14336,100,3,1,0,0,32,4,42,32,110.073720,0.535584,0.015661,true,216-0-34-90-11871571-16644527-16643091-11879183-11875747-16642635-16641481-11879036-51-75-51-51
wire,CUDA,simple,bit_planes,bit_planes,,14336,14336,100,3,1,0,0,32,4,42,64,6.913306,0.033638,0.005961,true,216-0-34-90-11871571-16644527-16643091-11879183-11875747-16642635-16641481-11879036-51-75-51-51
greenberg-hastings,CUDA,,,,baseline,14336,14336,100,3,1,0,0,32,4,42,0,122.269464,0.594925,0.000584,true,44755689-44692637-44681501-44642190-44794368-44662534-44704989-44618516-44743256-44624475-44674599-44569460-44568860-44678691-44673808-44502757
greenberg-hastings,CUDA,simple,standard,standard,,14336,14336,100,3,1,0,0,32,4,42,32,135.630470,0.659935,0.007115,true,44755689-44692637-44681501-44642190-44794368-44662534-44704989-44618516-44743256-44624475-44674599-44569460-44568860-44678691-44673808-44502757
greenberg-hastings,CUDA,simple,bit_planes,bit_planes,,14336,14336,100,3,1,0,0,32,4,42,64,10.211885,0.049688,0.003879,true,44755689-44692637-44681501-44642190-44794368-44662534-44704989-44618516-44743256-44624475-44674599-44569460-44568860-44678691-44673808-44502757
brian,CUDA,simple,standard,standard,,14336,14336,100,3,1,0,0,32,4,42,32,115.270501,0.560870,0.007978,true,1060053-1045475-1064553-1045854-1050005-1052294-1061247-1070938-1064278-1057584-1052626-1062411-1051675-1055436-1040094-1064145
brian,CUDA,simple,bit_planes,bit_planes,,14336,14336,100,3,1,0,0,32,4,42,64,6.914552,0.033644,0.005186,true,1060053-1045475-1064553-1045854-1050005-1052294-1061247-1070938-1064278-1057584-1052626-1062411-1051675-1055436-1040094-1064145
// run on -p gpu-short -A kdss --cpus-per-task=64 --mem=128GB --time=2:00:00 --gres=gpu:H100